INSERT INTO adminok (id, nev, jelszo) VALUES ( 100, 'admin', 'admin' );
INSERT INTO gumi_meretek (id, szelesseg, profil, felni) VALUES ( 9991, 255, 60, 19 );
INSERT INTO gumi_meretek (id, szelesseg, profil, felni) VALUES ( 9992, 205, 60, 21 );
INSERT INTO gumi_meretek (id, szelesseg, profil, felni) VALUES ( 9993, 215, 40, 21 );
INSERT INTO gumi_meretek (id, szelesseg, profil, felni) VALUES ( 9994, 195, 50, 20 );
INSERT INTO gumi_meretek (id, szelesseg, profil, felni) VALUES ( 9995, 205, 30, 18 );
INSERT INTO gumi_meretek (id, szelesseg, profil, felni) VALUES ( 9996, 145, 70, 15 );
INSERT INTO gumi_meretek (id, szelesseg, profil, felni) VALUES ( 9997, 155, 55, 20 );
INSERT INTO gumi_meretek (id, szelesseg, profil, felni) VALUES ( 9998, 195, 65, 19 );
INSERT INTO gumi_meretek (id, szelesseg, profil, felni) VALUES ( 9999, 215, 75, 20 );
INSERT INTO gumi_meretek (id, szelesseg, profil, felni) VALUES ( 10000, 275, 40, 18 );
INSERT INTO gumi_meretek (id, szelesseg, profil, felni) VALUES ( 10001, 255, 50, 21 );
INSERT INTO gumi_meretek (id, szelesseg, profil, felni) VALUES ( 10002, 265, 50, 19 );
INSERT INTO gumi_meretek (id, szelesseg, profil, felni) VALUES ( 10003, 295, 55, 18 );
INSERT INTO gumi_meretek (id, szelesseg, profil, felni) VALUES ( 10004, 305, 65, 21 );
INSERT INTO gumi_meretek (id, szelesseg, profil, felni) VALUES ( 10005, 315, 45, 19 );
INSERT INTO gumi_meretek (id, szelesseg, profil, felni) VALUES ( 10006, 275, 40, 20 );
INSERT INTO gumi_meretek (id, szelesseg, profil, felni) VALUES ( 10007, 175, 50, 16 );
INSERT INTO gumik (id, gyarto, meret_id, ar, evszak, allapot, mennyiseg_raktarban) VALUES ( 8881, 'Apollo', 9991, 4500, 'Nyári', 'Új', 6 );
INSERT INTO gumik (id, gyarto, meret_id, ar, evszak, allapot, mennyiseg_raktarban) VALUES ( 8882, 'Aurora', 9992, 5500, 'Nyári', 'Új', 8 );
INSERT INTO gumik (id, gyarto, meret_id, ar, evszak, allapot, mennyiseg_raktarban) VALUES ( 8883, 'Avon', 9993, 2500, 'Nyári', 'Használt', 10 );
INSERT INTO gumik (id, gyarto, meret_id, ar, evszak, allapot, mennyiseg_raktarban) VALUES ( 8884, 'Atlas', 9994, 4000, 'Téli', 'Új', 2 );
INSERT INTO gumik (id, gyarto, meret_id, ar, evszak, allapot, mennyiseg_raktarban) VALUES ( 8885, 'Bridgestone', 9995, 6000, 'Négyévszakos', 'Új', 5 );
INSERT INTO gumik (id, gyarto, meret_id, ar, evszak, allapot, mennyiseg_raktarban) VALUES ( 8886, 'Briway', 9996, 4500, 'Nyári', 'Új', 9 );
INSERT INTO gumik (id, gyarto, meret_id, ar, evszak, allapot, mennyiseg_raktarban) VALUES ( 8887, 'Cooper', 9997, 4500, 'Téli', 'Használt', 10 );
INSERT INTO gumik (id, gyarto, meret_id, ar, evszak, allapot, mennyiseg_raktarban) VALUES ( 8888, 'Continental', 9998, 6000, 'Téli', 'Új', 10 );
INSERT INTO gumik (id, gyarto, meret_id, ar, evszak, allapot, mennyiseg_raktarban) VALUES ( 8889, 'Delmax', 9999, 9500, 'Négyévszakos', 'Új', 8 );
INSERT INTO gumik (id, gyarto, meret_id, ar, evszak, allapot, mennyiseg_raktarban) VALUES ( 8890, 'Durun', 10000, 6000, 'Téli', 'Új', 15 );
INSERT INTO gumik (id, gyarto, meret_id, ar, evszak, allapot, mennyiseg_raktarban) VALUES ( 8891, 'Excelon', 10001, 3500, 'Nyári', 'Használt', 25 );
INSERT INTO gumik (id, gyarto, meret_id, ar, evszak, allapot, mennyiseg_raktarban) VALUES ( 8892, 'Fullrun', 10002, 5900, 'Négyévszakos', 'Új', 5 );
INSERT INTO gumik (id, gyarto, meret_id, ar, evszak, allapot, mennyiseg_raktarban) VALUES ( 8893, 'Formula', 10003, 5500, 'Téli', 'Használt', 12 );
INSERT INTO gumik (id, gyarto, meret_id, ar, evszak, allapot, mennyiseg_raktarban) VALUES ( 8894, 'Giti', 10004, 6500, 'Nyári', 'Új', 7 );
INSERT INTO gumik (id, gyarto, meret_id, ar, evszak, allapot, mennyiseg_raktarban) VALUES ( 8895, 'Hankook', 10005, 3000, 'Nyári', 'Használt', 9 );
INSERT INTO gumik (id, gyarto, meret_id, ar, evszak, allapot, mennyiseg_raktarban) VALUES ( 8896, 'Imperial', 10006, 8500, 'Négyévszakos', 'Új', 4 );
INSERT INTO gumik (id, gyarto, meret_id, ar, evszak, allapot, mennyiseg_raktarban) VALUES ( 8897, 'Kama', 10007, 7000, 'Téli', 'Új', 4 );
INSERT INTO gumik (id, gyarto, meret_id, ar, evszak, allapot, mennyiseg_raktarban) VALUES ( 8898, 'Landsail', 10001, 4500, 'Nyári', 'Használt', 11 );
INSERT INTO gumik (id, gyarto, meret_id, ar, evszak, allapot, mennyiseg_raktarban) VALUES ( 8899, 'Michelin', 9995, 6000, 'Négyévszakos', 'Új', 8 );
INSERT INTO ugyfelek (id, nev, telefon, email) VALUES (11001, 'Norbi', '06302570407', 'norbi@gmail.com' );
INSERT INTO ugyfelek (id, nev, telefon, email) VALUES (11002, 'Tomi', '06302584477', 'tomi@gmail.com' );
INSERT INTO ugyfelek (id, nev, telefon, email) VALUES (11003, 'Cinti', '06703658924', 'cinti@gmail.com' );
INSERT INTO ugyfelek (id, nev, telefon, email) VALUES (11004, 'Timi', '06205874996', 'timi@gmail.com' );
INSERT INTO ugyfelek (id, nev, telefon, email) VALUES (11005, 'Jani', '062036547218', 'jani@gmail.com' );
INSERT INTO ugyfelek (id, nev, telefon, email) VALUES (11006, 'Zoli', '06300001254', 'zoli@gmail.com' );
INSERT INTO idopontfoglalasok (id, datum, ugyfel_id, megjegyzes) VALUES (12001, '2020-09-22 14:30:00', 11001, ''  );
INSERT INTO idopontfoglalasok (id, datum, ugyfel_id, megjegyzes) VALUES (12002, '2020-09-25 14:30:00', 11002, 'Defekt is van'  );
INSERT INTO idopontfoglalasok (id, datum, ugyfel_id, megjegyzes) VALUES (12003, '2020-09-25 16:30:00', 11003, ''  );
INSERT INTO idopontfoglalasok (id, datum, ugyfel_id, megjegyzes) VALUES (12004, '2020-09-25 9:30:00', 11004, ''  );
INSERT INTO idopontfoglalasok (id, datum, ugyfel_id, megjegyzes) VALUES (12005, '2020-10-22 10:30:00', 11005, 'Megrendelt gumit vennék át és rakatnám fel'  );
INSERT INTO idopontfoglalasok (id, datum, ugyfel_id, megjegyzes) VALUES (12006, '2020-09-22 15:00:00', 11006, ''  );
INSERT INTO idopontfoglalasok (id, datum, ugyfel_id, megjegyzes) VALUES (12007, '2020-09-27 14:30:00', 11002, 'egy jó kávéz is lesz ;)'  );
INSERT INTO idopontfoglalasok (id, datum, ugyfel_id, megjegyzes) VALUES (12008, '2020-11-27 10:30:00', 11004, ''  );
INSERT INTO idopontfoglalasok (id, datum, ugyfel_id, megjegyzes) VALUES (12009, '2020-09-27 8:30:00', 11006, ''  );
INSERT INTO idopontfoglalasok (id, datum, ugyfel_id, megjegyzes) VALUES (12010, '2020-09-28 14:30:00', 11001, 'Kerékcsere a gumihotelből'  );
INSERT INTO idopontfoglalasok (id, datum, ugyfel_id, megjegyzes) VALUES (12011, '2020-09-28 14:00:00', 11003, ''  );
INSERT INTO idopontfoglalasok (id, datum, ugyfel_id, megjegyzes) VALUES (12012, '2020-10-28 15:30:00', 11005, ''  );
INSERT INTO idopontfoglalasok (id, datum, ugyfel_id, megjegyzes) VALUES (12013, '2020-12-22 14:30:00', 11004, ''  );
INSERT INTO megrendelt_gumik (id, gumi_id, gyarto, meret_szelesseg, meret_profil, meret_felni, ar, evszak, allapot) VALUES (100011, 8895, 'Hankook', 275, 40, 18, 3000, 'Nyári', 'Használt');
INSERT INTO megrendelt_gumik (id, gumi_id, gyarto, meret_szelesseg, meret_profil, meret_felni, ar, evszak, allapot) VALUES (100012, 8895, 'Hankook', 275, 40, 18, 3000, 'Nyári', 'Használt');
INSERT INTO megrendelt_gumik (id, gumi_id, gyarto, meret_szelesseg, meret_profil, meret_felni, ar, evszak, allapot) VALUES (100013, 8895, 'Hankook', 275, 40, 18, 3000, 'Nyári', 'Használt');
INSERT INTO megrendelt_gumik (id, gumi_id, gyarto, meret_szelesseg, meret_profil, meret_felni, ar, evszak, allapot) VALUES (100014, 8895, 'Hankook', 275, 40, 18, 3000, 'Nyári', 'Használt');
INSERT INTO megrendelt_gumik (id, gumi_id, gyarto, meret_szelesseg, meret_profil, meret_felni, ar, evszak, allapot) VALUES (100015, 8895, 'Hankook', 275, 40, 18, 3000, 'Nyári', 'Használt');
INSERT INTO megrendelt_gumik (id, gumi_id, gyarto, meret_szelesseg, meret_profil, meret_felni, ar, evszak, allapot) VALUES (100016, 8895, 'Hankook', 275, 40, 18, 3000, 'Nyári', 'Használt');
INSERT INTO megrendelt_gumik (id, gumi_id, gyarto, meret_szelesseg, meret_profil, meret_felni, ar, evszak, allapot) VALUES (100017, 8895, 'Hankook', 275, 40, 18, 3000, 'Nyári', 'Használt');
INSERT INTO megrendelt_gumik (id, gumi_id, gyarto, meret_szelesseg, meret_profil, meret_felni, ar, evszak, allapot) VALUES (100018, 8895, 'Hankook', 275, 40, 18, 3000, 'Nyári', 'Használt');
INSERT INTO megrendelt_gumik (id, gumi_id, gyarto, meret_szelesseg, meret_profil, meret_felni, ar, evszak, allapot) VALUES (100019, 8895, 'Hankook', 275, 40, 18, 3000, 'Nyári', 'Használt');
INSERT INTO rendelesi_egysegek (id, gumi_id, mennyiseg, reszosszeg) VALUES (13001, 100011, 2, 9000 );
INSERT INTO rendelesi_egysegek (id, gumi_id, mennyiseg, reszosszeg) VALUES (13002, 100012, 4, 24000 );
INSERT INTO rendelesi_egysegek (id, gumi_id, mennyiseg, reszosszeg) VALUES (13003, 100013, 2, 9800 );
INSERT INTO rendelesi_egysegek (id, gumi_id, mennyiseg, reszosszeg) VALUES (13004, 100014, 3, 12000 );
INSERT INTO rendelesi_egysegek (id, gumi_id, mennyiseg, reszosszeg) VALUES (13005, 100015, 3, 18000 );
INSERT INTO rendelesi_egysegek (id, gumi_id, mennyiseg, reszosszeg) VALUES (13006, 100016, 2, 13000 );
INSERT INTO rendelesi_egysegek (id, gumi_id, mennyiseg, reszosszeg) VALUES (13007, 100017, 2, 9000 );
INSERT INTO rendelesi_egysegek (id, gumi_id, mennyiseg, reszosszeg) VALUES (13008, 100018, 4, 18000 );
INSERT INTO rendelesi_egysegek (id, gumi_id, mennyiseg, reszosszeg) VALUES (13009, 100019, 4, 12000 );
INSERT INTO rendelesek (id, ugyfel_id, vegosszeg, statusz, datum) VALUES ( 14001, 11001, 9000, 'MEGRENDELVE', '2019-02-15' );
INSERT INTO rendelesek_rendelesi_egysegek (rendeles_entity_id, rendelesi_egysegek_id) VALUES (14001, 13001);
INSERT INTO rendelesek (id, ugyfel_id, vegosszeg, statusz, datum) VALUES ( 14002, 11002, 33800, 'MEGRENDELVE', '2019-03-25' );
INSERT INTO rendelesek_rendelesi_egysegek (rendeles_entity_id, rendelesi_egysegek_id) VALUES (14002, 13002);
INSERT INTO rendelesek_rendelesi_egysegek (rendeles_entity_id, rendelesi_egysegek_id) VALUES (14002, 13003);
INSERT INTO rendelesek (id, ugyfel_id, vegosszeg, statusz, datum) VALUES ( 14003, 11003, 43000, 'ATVETELRE_VAR', '2019-01-09' );
INSERT INTO rendelesek_rendelesi_egysegek (rendeles_entity_id, rendelesi_egysegek_id) VALUES (14003, 13004);
INSERT INTO rendelesek_rendelesi_egysegek (rendeles_entity_id, rendelesi_egysegek_id) VALUES (14003, 13005);
INSERT INTO rendelesek_rendelesi_egysegek (rendeles_entity_id, rendelesi_egysegek_id) VALUES (14003, 13006);
INSERT INTO rendelesek (id, ugyfel_id, vegosszeg, statusz, datum) VALUES ( 14004, 11004, 9000, 'TOROLVE', '2019-02-7' );
INSERT INTO rendelesek_rendelesi_egysegek (rendeles_entity_id, rendelesi_egysegek_id) VALUES (14004, 13007);
INSERT INTO rendelesek (id, ugyfel_id, vegosszeg, statusz, datum) VALUES ( 14005, 11005, 30000, 'MEGRENDELVE', '2019-03-2' );
INSERT INTO rendelesek_rendelesi_egysegek (rendeles_entity_id, rendelesi_egysegek_id) VALUES (14005, 13008);
INSERT INTO rendelesek_rendelesi_egysegek (rendeles_entity_id, rendelesi_egysegek_id) VALUES (14005, 13009);